StudentID,Name,Gender,Age,MathScore,EnglishScore,TotalScore,EnglishScore_z,MathScore_z,TotalScore_z
1,Alice,0,15,85.0,90.0,175.0,0.6527299120066193,0.5,0.6564879518897745
2,Bob,1,16,82.5,95.0,177.5,1.246120741103546,0.0,0.8616404368553291
3,Charlie,1,15,80.0,82.5,162.5,-0.23735633163877065,-0.5,-0.3692744729379982
4,Diana,0,16,90.0,85.0,175.0,0.05933908290969266,1.5,0.6564879518897745
5,Eve,0,15,75.0,70.0,145.0,-1.7208334043810873,-1.5,-1.80534186769688
